,child_id,bursts_count,burst_lengths,mean_burst_length,std_burst_length,mean_burst_amplitude,mean_burst_std
0,100RTP1,2,[27 12],19.5,7.5,256.63839761152093,31.52794628232343
1,100RTP2,6,[27  9  4 11  6  7],10.666666666666666,7.630348761506398,224.73585475127555,55.78637010859936
2,101RTP1,2,[32 18],25.0,7.0,653.2711459183672,126.25318294948362
3,101RTP2,5,[14 20 22  4  5],13.0,7.429670248402684,363.2145422696117,50.454294526547265
4,102RTP1,7,[ 3  3 13 13  9 28  9],11.142857142857142,7.8636336825845055,552.529810732223,73.04669861392863
5,102RTP2,5,[13 13 21 16  8],14.2,4.261455150532504,579.6186961372193,66.97813384245062
6,103RTP1,9,[ 6 18  8  4  4  9 11 10  5],8.333333333333334,4.189935029992179,215.97613565217392,43.1051295282602
7,103RTP2,12,[ 5  4  8  2 18  4  4 21  1  6 10  6],7.416666666666667,5.908444991892725,250.2110187265919,35.680579139730526
8,104RTP1,10,[ 1  1  1 13  8  9 14 16  5  7],7.5,5.296225070746145,254.96762032520323,44.25772495704941
9,104RTP2,4,[ 6 20  1  1],7.0,7.7781745930520225,305.44527984344415,67.12776639838515
10,105RTP1,6,[12  9 29  1 11  3],10.833333333333334,9.06305074954835,558.0602310832024,108.63750054507042
11,105RTP2,4,[ 7 24  5 19],13.75,7.980444849756184,560.4347832980968,104.14936976829169
12,106RTP1,5,[10  1 10  7 19],9.4,5.817215828899594,434.9232441399205,36.49057130799684
13,106RTP2,3,[ 8  6 39],17.666666666666668,15.107025591499548,503.6014236236751,70.24421375766931
14,107RTP1,8,[11 15  5 16  7  1  3  3],7.625,5.360445410597892,481.81512802498054,136.95937582154954
15,107RTP2,3,[17 11 15],14.333333333333334,2.494438257849294,485.47282488091884,114.99222581777042
16,110RTP1,13,[ 5  3 14  1 10  4 12 11 10  4  3  2  9],6.769230769230769,4.172323576098651,493.38458460656966,90.64399794652144
17,110RTP2,16,[18 11  8 10  5 25  8 10 21 18  8  2  6  6  4 20],11.25,6.703543838895961,525.4597668333334,51.32637174792776
18,111RTP1,8,[ 3 11 14  4  9  8  4  2],6.875,4.013648589500581,267.3724121212122,50.662167032750666
19,111RTP2,7,[15  4  6 25  4  1  1],8.0,8.211490207542807,447.90828691813823,77.754465687957
20,112RTP1,5,[12  5  9 11 27],12.8,7.493997598078078,320.0236120689656,67.12548037190597
21,112RTP2,6,[ 3 13  9  4 11  7],7.833333333333333,3.5784850922639815,414.9673586983733,87.83680584378993
22,113RTP1,5,[ 9  8  5  9 13],8.8,2.5612496949731396,317.41600767414417,46.99870428547122
23,113RTP2,7,[32 12  4  5  9  7 11],11.428571428571429,8.829449794492824,266.5757393258428,35.330511387733786
24,113RTP3,5,[12  2 18 11  1],8.8,6.43117407632541,323.4954890909091,48.614748693270414
25,113RTP4,5,[ 2  4  8  7 18],7.8,5.528109984434101,587.8700800000004,106.9341602665088
26,114RTP1,6,[15 14  1 10 15  1],9.333333333333334,6.128258770283412,255.85105798319324,44.296926581656756
27,114RTP2,8,[15 10 22  3 12  5 10  3],10.0,6.082762530298219,214.23076007653063,34.97382422375688
28,114RTP3,11,[ 1  2 10  9  2 17  2 15  8  7  6],7.181818181818182,5.131333015152759,315.30278777269064,56.559228127774205
29,115RTP1,14,[ 8  3  4 12 15  2 19 10  2  9 15 18  8 15],10.0,5.644213218610974,412.67309914285704,83.50082258652728
30,115RTP2,5,[2 6 4 7 3],4.4,1.8547236990991407,300.6927223320159,27.75778209221021
31,115RTP3,6,[10  9  2  4  3  1],4.833333333333333,3.435921354681384,345.6689740315026,93.16554064235187
32,115RTP4,8,[ 2 12  8  5 12  1  3  4],5.875,4.044672421840859,321.55127148936174,41.821264908173674
33,116RTP1,12,[ 2  8  5  4 14 15 18  2  4  7  5 14],8.166666666666666,5.351531452667441,352.187335619962,69.23928607336788
34,116RTP2,10,[ 4  6  3  2  4  8 14 19 19  9],8.8,6.079473661428266,327.5903781194295,36.64415843583239
35,116RTP3,14,[ 3  6  1  7  8  1  8  7 15  6  5 13  8 15],7.357142857142857,4.302941566236867,220.80833685852969,28.11091613366683
36,116RTP4,7,[ 5 10  7  7 13 22  6],10.0,5.503245795502349,321.96472369747903,50.71572332488217
37,117RTP1,4,[ 6  6  1 10],5.75,3.191786333700926,378.33816281221107,76.33848391036794
38,117RTP2,9,[ 1  7  4  8  7  6  5 11  4],5.888888888888889,2.6851213274654606,288.0517153821553,39.310965227595716
39,117RTP3,12,[ 9  3 23  5 12 17 12  1  3  3 17  2],8.916666666666666,6.945722104688293,233.56592003083153,39.174619725384524
40,117RTP4,3,[ 7 10  5],7.333333333333333,2.0548046676563256,205.82035606060606,22.50043467669608
41,118RTP1,2,[14 14],14.0,0.0,533.0185411764703,125.89808430997793
42,118RTP2,5,[ 9  1  3 12  3],5.6,4.176122603564219,171.13367109634547,39.82361220193564
43,118RTP3,11,[13  6  8 11  5 11  6  4 11 12  5],8.363636363636363,3.1413004623947267,227.503477195226,45.89307127780686
44,118RTP4,2,[6 5],5.5,0.5,162.71256198347103,6.814620070441204
45,119RTP1,12,[11 14 18 15 11 13 17 10 10  3  4  2],10.666666666666666,5.071708018234313,322.5917273882115,55.167693481490296
46,119RTP2,7,[12 12  4  9  7  6  7],8.142857142857142,2.799416848895061,518.2193189600508,103.68174114691898
47,119RTP3,11,[ 1  6  2 17 10 14  6  9  3  2  7],7.0,4.917501213199462,303.47979369588757,38.45417134510562
48,119RTP4,6,[ 2  2  1  6 12 13],6.0,4.864839839775475,429.95054810996567,130.41591037581523
49,120RTP1,5,[9 2 5 4 3],4.6,2.4166091947189146,325.1148970251715,114.9206900002487
50,120RTP2,5,[10  6  8  7  5],7.2,1.7204650534085253,177.3875456790124,29.46514863663134
51,120RTP3,3,[ 9 10  5],8.0,2.160246899469287,891.327789351852,104.17708944216587
52,120RTP4,4,[2 6 7 2],4.25,2.277608394786075,324.32602823529413,27.538149726796917
53,121RTP2,5,[27 11 10  2  6],11.2,8.51821577561874,371.3108083182643,64.21765041369198
54,122RTP1,9,[ 1  3  9  8  5 12 11  2  8],6.555555555555555,3.744955454745048,166.931525206432,21.40399865870546
55,122RTP2,5,[ 5 11 12  5 11],8.8,3.1240998703626617,477.8605494505495,115.68469475182867
56,122RTP3,2,[ 5 14],9.5,4.5,300.9171194331984,84.95811409688045
57,123RTP1,12,[ 2 10 14  2 11 13  5  1 16  9 13  1],8.083333333333334,5.345688813323208,368.4438281178726,57.63506519827656
58,123RTP2,8,[ 8 14 15  4  6  7  4  5],7.875,4.044672421840859,294.2946863572433,31.937727762442194
59,123RTP3,6,[12 13  7 11  3  2],8.0,4.320493798938574,470.8077749515505,108.00549111120026
60,123RTP4,7,[ 7 28  9 15  3  9 12],11.857142857142858,7.4532556918546184,305.49804854712966,69.7877952820702
61,124RTP1,6,[13 14  2  4  7  7],7.833333333333333,4.374801582802229,180.61473966053072,43.513610034033725
62,124RTP2,8,[11  6  7  1  2  4  9  5],5.625,3.1598061649411346,151.9826576388889,29.000827588752127
63,125RTP1,8,[ 7  2 12  1  1  6 11  4],5.5,4.031128874149275,154.1584165834167,32.47357162415481
64,125RTP2,3,[10  4 11],8.333333333333334,3.0912061651652345,231.5815588571428,49.6676631418536
65,125RTP3,2,[18  9],13.5,4.5,361.22731599684784,86.49947403910659
66,127RTP1,7,[ 7 20  8  7 12  7  4],9.285714285714286,4.89064079103534,504.04288558500355,123.97177608389954
67,127RTP2,8,[ 4 29 12  5  8  2 12 17],11.125,8.192031188905473,321.1965547630679,53.89740713058661
68,127RTP3,4,[22  6  5  4],9.25,7.39509972887452,500.7776208602969,104.21039346294414
69,127RTP4,5,[10 22  2  9  7],10.0,6.603029607687671,497.82934211764723,114.21252923450642
70,128RTP1,10,[ 8  2 11 13  3  1 16  4  6  9],7.3,4.733920151417849,249.08776089663766,50.84318772503743
71,128RTP2,10,[ 7 16  6  7  9 35  5 10  7 15],11.7,8.521150157109073,554.7746653517423,51.76248621981219
72,128RTP3,10,[ 6 14  8  2  8 11  8  2  9  8],7.6,3.4698703145794947,247.00403738317772,42.842625537022165
73,128RTP4,4,[ 2 23  7  2],8.5,8.616843969807043,631.5980311764705,205.11754319910156
74,129RTP1,13,[ 6 11  7  5  8  9 15 10 11  4 11  6 10],8.692307692307692,2.9452599567810225,359.5928552886643,37.62431746634163
75,129RTP2,8,[ 7  8  6  3 10 24 13 10],10.125,5.946374946133148,339.2655942028987,50.6237411630428
76,129RTP3,7,[ 9 14  3  5  7  5  8],7.285714285714286,3.325841921949376,346.9506421029951,109.11020412334194
77,129RTP4,8,[ 5  4  8  8  3  7 11 14],7.5,3.427827300200522,365.2735765873015,89.883057725661
78,130RTP1,8,[ 1  4  6  2 19 10  5 10],7.125,5.441449714919729,363.0786101973683,61.579410239065844
79,130RTP2,4,[ 1 12  6 18],9.25,6.378675411086537,272.12115127627635,51.594297551955684
80,130RTP3,3,[11  5  9],8.333333333333334,2.494438257849294,352.9541651851851,72.25320723973046
81,131RTP1,8,[11  1  6  5  6 17 12  6],8.0,4.69041575982343,476.8777209558825,79.89865412809114
82,131RTP2,6,[10  4  7  1 14  6],7.0,4.163331998932265,275.55074500768046,54.78100856209113
83,131RTP3,5,[9 9 8 6 4],7.2,1.9390719429665317,335.59945166666665,45.64947910823895
84,131RTP4,11,[ 9  8 11  3  7  2 11  6  2 30  4],8.454545454545455,7.499862257688306,549.2043020184874,92.51807712287011
85,133RTP1,3,[ 3 21 12],12.0,7.3484692283495345,271.539447493225,74.6612285119948
86,133RTP2,3,[12  7 15],11.333333333333334,3.2998316455372216,357.884786053131,73.2758946839388
87,133RTP3,9,[ 5  7  4 11 10  4  6 10 11],7.555555555555555,2.7932900199947857,172.07778676470585,35.621917140330225
88,133RTP4,6,[ 2  1 10  8  7 10],6.333333333333333,3.5901098714230026,132.86187081339713,20.724947737712267
89,134RTP1,10,[ 3  4 12 15  7  7  1 10  4  2],6.5,4.364630568559039,447.4729704273505,94.85090026162835
90,134RTP2,9,[ 4  6 10  9 10  2  5 14  5],7.222222222222222,3.552081636254618,590.9903684315683,57.71062873444121
91,134RTP3,5,[ 9 10  8 10  3],8.0,2.6076809620810595,228.2905662162163,27.535620310491712
92,134RTP4,4,[ 3  4 19 11],9.25,6.417748826496718,302.1411056511056,57.59766495954053
93,135RTP1,8,[ 3 11  2  5  7 13  5  8],6.75,3.5619517121937516,392.66941743827186,94.32243605911907
94,135RTP3,6,[ 3 13 11  6  9  5],7.833333333333333,3.4840908267278117,420.83650610717115,130.82954301585727
95,135RTP4,7,[ 6 10  7  9  5  7 10],7.714285714285714,1.8294640678379568,252.96894512195107,37.09435592412607
96,136RTP1,6,[ 1  2 14  5 12 10],7.333333333333333,4.955356249106169,295.8630748663103,46.002691012538115
97,136RTP2,4,[16 13 10  8],11.75,3.031088913245535,400.90330574176596,64.34920767379286
98,136RTP3,7,[ 1  9  9  5  4  9 12],7.0,3.5050983275386565,273.28379633915426,62.68094376865808
99,136RTP4,9,[ 9  3 17  6 11  4  1  3  8],6.888888888888889,4.700932400290262,298.1647867572158,71.35464042368152
100,137RTP1,4,[16  3  5 14],9.5,5.5901699437494745,115.9847469358327,28.247795721992972
101,137RTP2,5,[10  4 16  1 12],8.6,5.4258639865002145,392.5001193328635,85.70124272333047
102,137RTP3,10,[14  1  8  8  8  3  1 10  2  3],5.8,4.190465367951393,161.71694134376114,22.26158721821488
103,137RTP4,6,[ 4  6  8 19  2 11],8.333333333333334,5.557777333511022,323.29069925,59.236358807395234
104,139RTP1,8,[12  7  6  9  2  7  5  1],6.125,3.3330729064933458,447.28043839758107,42.3689524081087
105,139RTP2,4,[ 6 12  8 12],9.5,2.598076211353316,351.4862972572275,74.33077472112564
106,139RTP3,4,[17  7  1 22],11.75,8.227241335952167,350.7615251845422,71.55133733683135
107,139RTP4,6,[ 7 12  7 11  7 10],9.0,2.0816659994661326,446.0790679857939,76.05842699740525
108,140RTP1,13,[ 4 14  7 24 30  3 12  6  4 10  5  7 13],10.692307692307692,7.83860874021969,440.94514230901,68.32830850448104
109,140RTP2,21,[21 11  3 12  8 11 15 20  3  4  7  8 15  9  8  5  6 21 14  4  1],9.80952380952381,5.884758745057298,289.9881827357493,63.57979313603608
110,140RTP3,10,[ 1 11  9 11 12 20  8  1  6  6],8.5,5.315072906367325,640.1157751948972,110.24022690160328
111,140RTP4,5,[ 2  5 27  7  2],8.6,9.3936148526539,601.0370766217874,176.50822235535023
112,141RTP1,8,[11 19  4  4 10 10  4 19],10.125,5.818880906153691,356.94139613526573,57.74220572708411
113,141RTP2,7,[ 2  7  5  9  4  3 10],5.714285714285714,2.813959371941744,361.0011615384616,69.00016506097496
114,141RTP3,8,[10 11  5 15  1 10  4  1],7.125,4.78114787472632,409.1974131996659,74.72062203016573
115,141RTP4,10,[ 8 22 12  6  1  8  2 13 13  7],9.2,5.81033561853358,268.9922730111008,31.71952356751829
116,142RTP1,8,[ 1  3  9 10  9 12 11  9],8.0,3.640054944640259,418.5527596544715,91.51950099821795
117,142RTP2,7,[13  5  6  3  4 10  1],6.0,3.854496446637726,329.5142701014832,42.02990170590403
118,142RTP3,8,[10  3  2  4 17  1  7  1],5.625,5.194648688795037,240.68335253772287,79.58604478748695
119,142RTP4,9,[10  2 10 15  5 11  2 11  2],7.555555555555555,4.597369081239378,389.45740185422017,62.22220957745385
120,143RTP1,13,[16  3  4 16  4  3  5 17  4  1 10  5  5],7.153846153846154,5.390107089647648,473.53737014061215,73.12159699770362
121,143RTP2,5,[ 2  7  7  6 21],8.6,6.468384651518492,273.5199122512584,87.67610856328885
122,143RTP3,4,[22  6  6 11],11.25,6.53356717268599,312.3171622222223,54.570531504229095
123,143RTP4,3,[ 7  4 10],7.0,2.449489742783178,538.557956989247,97.57599205659959
124,144RTP1,4,[29 68 29 14],35.0,20.0124960961895,324.58276521739134,49.426373211125096
125,144RTP2,12,[ 4  7  7 17 18 11 23 12 15 12  2  8],11.333333333333334,5.892556509887896,458.7040947558271,92.81771088730295
126,144RTP3,7,[ 1  7  1 12  7 19  5],7.428571428571429,5.900536122303824,194.6716104746318,31.312229547109478
127,144RTP4,15,[ 2 12  2 14  6 13  3  5  5  7  9 10  5 10 13],7.733333333333333,3.991101212558871,195.22030305039783,31.91989867184838
128,145RTP1,10,[12 11  2 11  5 10 10  8  4  7],8.0,3.22490309931942,382.07930563725506,59.02012646291062
129,145RTP2,7,[ 7 11  1  7  1  5 14],6.571428571428571,4.467570220317683,217.69345024154597,31.49044270323341
130,145RTP3,11,[10  8  7  8  6  6  9 12  2  3  1],6.545454545454546,3.2575405213034396,291.76240728557514,33.80374950980286
131,145RTP4,5,[ 1  9  5 20  3],7.6,6.740919818541087,239.12922672064772,35.032476284512555
132,146RTP1,9,[ 5 14  4  1 11 15 20  8  3],9.0,6.036923425424944,340.5467662894376,52.83032870196793
133,146RTP2,7,[13  3  9 10 12 14  4],9.285714285714286,3.9897828696482693,487.062039403454,94.2950644043262
134,147RTP1,10,[ 3 22 15  8  1  5  4  5  8  4],7.5,6.053924347066125,713.0599148299319,75.78192513660983
135,147RTP2,13,[ 3  8  8  1  4  4 10  1  1  4 15  2 14],5.769230769230769,4.643504083934329,555.3060849645391,65.70314192742676
136,147RTP3,7,[3 7 3 1 7 1 3],3.5714285714285716,2.3211538298959886,568.7029072340426,41.966295075524286
137,147RTP4,12,[ 6  3 11  5  7  4  4  5  9 12  7  1],6.166666666666667,3.104656001699526,521.1496883339034,53.687924422657595
138,149RTP1,9,[ 2  8  8  9  7 22 13  5 10],9.333333333333334,5.333333333333333,329.3902826420893,52.04350239782243
139,149RTP2,17,[ 9 15 20  4 11  4  7  5  8  5  1  7  5 13  6 11  2],7.823529411764706,4.767972736272811,281.6380762750249,51.641459674599936
140,149RTP3,8,[ 5 11  3 10  1 29  1 11],8.875,8.57959060794861,320.67678102992966,47.54032190408192
141,149RTP4,10,[ 2  1 11  9  9  7 10 10 11 13],8.3,3.716180835212409,336.0164568596968,49.84469705921431
142,151RTP1,11,[10  7 10  9  1 10  5  5  1  9  9],6.909090909090909,3.2878438763682043,525.6833823940382,81.92955311107562
143,151RTP2,11,[ 3  8  8  5  8  3  3  8  4 24  6],7.2727272727272725,5.674358739755357,317.5892473214288,39.71301394565352
144,151RTP3,11,[ 6  4  7 11  2 13  8  5 11  2  2],6.454545454545454,3.7504820626793216,283.9137482845792,51.746479124295824
145,151RTP4,9,[10  7  2  6 10 11 11 21  9],9.666666666666666,4.853406592853679,347.6777937420179,47.02769381072712
146,153RTP1,2,[ 1 11],6.0,5.0,526.0268027777779,111.2902600143788
147,153RTP2,4,[10 10 12  5],9.25,2.5860201081971503,350.83068332483435,49.66313525136262
148,154RTP1,10,[17 21  2  8  3 16 21  5 17 14],12.4,6.902173570694959,270.2373771567893,36.72081876800666
149,154RTP2,15,[ 6  2  7 18  4  4  9  9 10  5  5 21  9  2 25],9.066666666666666,6.707872654989475,358.65487613582036,47.654056979935774
150,154RTP3,6,[ 2  2  3 16 11  9],7.166666666666667,5.273097339852125,296.86386813458677,87.87314117107911
151,154RTP4,9,[ 6  6  3  2 10  5  3 10 10],6.111111111111111,3.0347778408328137,185.77462715466368,27.98360457821368
152,158RTP1,8,[ 2  1 15 12  3  3  6  6],6.0,4.69041575982343,353.8244222846443,102.10394455917319
153,158RTP2,7,[11 12 14 16  9  2  8],10.285714285714286,4.233009254294015,327.09473138888893,51.29761903503618
154,159RTP1,11,[ 6  1 12  1  4  7 23  6 13  3  9],7.7272727272727275,6.136195283885893,559.0797053708442,108.59134120151622
155,159RTP2,14,[ 3  8  2  7 19 23  4 19  8 15  3 16  6  6],9.928571428571429,6.755572152086069,592.1006453304644,72.9617150679647
156,160RTP1,6,[ 5 13 10 10  4  8],8.333333333333334,3.091206165165235,542.7590849315069,33.51656665815781
157,160RTP2,10,[10  4  3  2  4  1  8  4  8 11],5.5,3.2939338184001206,240.27419920255198,45.44902456414599
158,160RTP3,5,[ 7 11  5 10 19],10.4,4.8,137.7967050248139,29.292366488062836
159,160RTP4,5,[11  3  2  8 12],7.2,4.069397989875161,162.38895959595962,28.142159906872877
160,161RTP1,9,[ 8  3  2  8 13 12  8 10  3],7.444444444444445,3.7745083892140068,413.1034684739568,88.30791371112458
161,161RTP2,6,[ 8  1  4 13 17  4],7.833333333333333,5.58022301426107,463.09030825734527,118.16058736893432
162,161RTP3,7,[ 7  7 13  9  1 11 12],8.571428571428571,3.7742413753208304,406.75062507936525,87.83154765586247
163,161RTP4,4,[11 11 27  9],14.5,7.262919523166975,417.87551340996185,78.69244390892585
164,162RTP1,11,[ 6 10 10  8  3 14  5  5 10  4  7],7.454545454545454,3.1439302665073785,553.2348222673892,61.853588065423814
165,162RTP2,8,[ 3 15 18  1 20 14  6 10],10.875,6.565772993334448,310.3844346360153,27.726818382833645
166,162RTP3,7,[22  1  8  9  8 11  7],9.428571428571429,5.876275371772323,300.25921873278236,55.08739341101578
167,162RTP4,6,[ 2 11  1 11 11  2],6.333333333333333,4.6785562825394,334.7385266812866,67.26344188978621
168,163RTP1,7,[ 5 14  7 11 11  6  3],8.142857142857142,3.642156795423418,250.50211003051112,45.646103791819016
169,163RTP2,8,[14  2  8  5  2  9 12 13],8.125,4.456385867493972,196.0128528015195,32.11357890720836
170,164RTP1,3,[13 20  5],12.666666666666666,6.128258770283412,460.54127688787185,92.44590742020306
171,164RTP2,9,[ 2  8 24  8  6 13  8 10  4],9.222222222222221,6.032831982443657,306.92143284904324,34.00162491736547
172,164RTP3,8,[ 3  9 17 19  7  6 12  3],9.5,5.656854249492381,278.10403360597434,47.621280468043715
173,164RTP4,8,[ 2 19  6  6 13  7 14 15],10.25,5.425633603552677,203.0850352303523,24.887823326511924
174,165RTP1,5,[ 7  5 12 12 10],9.2,2.7856776554368237,427.32425877926437,104.63357164294392
175,165RTP2,6,[10 10 16  1  5  8],8.333333333333334,4.642796092394707,224.11204958333335,25.61601094503312
176,165RTP3,7,[ 6  4 10 13 16  4  2],7.857142857142857,4.852939357560865,190.31892673796793,28.92099522828138
177,165RTP4,9,[14  7  5  1  5  4  9  7 11],7.0,3.681787005729087,222.0462610229276,26.099787530962114
178,166RTP1,6,[16  5  7  1  5 12],7.666666666666667,4.955356249106169,341.2650689799329,79.26469220713719
179,166RTP2,11,[ 7  2  2  4 12  6  1  2  8  7 12],5.7272727272727275,3.7438655058134547,569.2040915395289,63.66319423685053
180,166RTP3,5,[ 9 12  3  4 20],9.6,6.151422599691879,218.61499831081082,27.67160547278834
181,166RTP4,5,[ 8  1  3  2 17],6.2,5.912698199637793,332.6387061325773,110.4714963996356
182,167RTP1,4,[16 22  7 11],14.0,5.612486080160912,470.6363037555228,89.38545930316482
183,167RTP2,11,[ 5  3  8  1 20  2 17  7  8  5  8],7.636363636363637,5.661235446160097,480.8238948787063,55.54324703145473
184,168RTP1,11,[ 2 12 15  5 13 16  6 25  5  9  3],10.090909090909092,6.598271749681475,298.6189930555556,29.565486040909526
185,168RTP2,6,[ 6  7 11  2 14  2],7.0,4.396968652757639,303.7895537555229,87.53422974550897
186,169RTP1,9,[13  8 11 10  5 13  5  4  7],8.444444444444445,3.269764215458258,428.93904674922595,66.38680104587637
187,169RTP2,10,[ 2 12 15  1  4 14  7  2  9  5],7.1,4.908156476723211,356.5308823187057,89.32455384457994
188,170RTP1,13,[12 11 18  5 29  4  8 10  8 10  7 16 23],12.384615384615385,7.011402378526671,435.7144720496896,56.455921416298494
189,170RTP2,10,[ 5  1  1  6  2  6  8  5 16 16],6.6,5.180733538795447,303.859552059052,28.745752916203156
190,171RTP1,8,[ 6  9 19  8 12  5  7  1],8.375,4.998437255783052,327.9040676729986,58.977188121503424
191,171RTP2,10,[ 7 36 22  3  3  6  9  6  3  9],10.4,10.041912168506554,419.2105730098389,41.30498233070754
192,172RTP1,7,[ 1  8 18  5 13  2 11],8.285714285714286,5.699982098074286,430.9319848895779,89.94983932352729
193,172RTP2,7,[16  9 19  3  9 11  2],9.857142857142858,5.767608353767528,392.67106182351887,64.91915921924604
194,173RTP2,13,[ 1 13  5  3  3  3  6  9  8  2  9  4 13],6.076923076923077,3.8523027770919733,292.01738600320107,39.406624814781736
195,174RTP1,11,[13 13 21 11  5  3 10  8 19 15  5],11.181818181818182,5.507320447585804,580.0243599283452,82.58103975281173
196,174RTP2,13,[26  3  6 11 11  4  2  9  7 23  2  3  5],8.615384615384615,7.4165974111962765,442.6828050892858,88.78566888813768
197,175RTP1,11,[ 9 13 14 10  5 11 12  1  8  2  8],8.454545454545455,4.0757294129927075,514.7964074074075,75.74092262305578
198,175RTP2,11,[ 8  6  3  2 13  6  7  2  8 24 15],8.545454545454545,6.27206847660376,445.03404562193157,91.75931020199556
199,176RTP1,7,[10 10  4 17  7 17 13],11.142857142857142,4.5175395145262565,402.2439310506566,68.0856506176231
200,176RTP2,10,[ 1  3  4  6  1 11 14  1  2 21],6.4,6.452906321960671,393.4718575284091,72.24857881595567
201,177RTP1,7,[ 6  9 18 10 11  3 12],9.857142857142858,4.389226141639205,721.9402572837292,116.10021937494392
202,177RTP2,12,[7 5 1 7 2 2 8 6 6 7 6 5],5.166666666666667,2.1921577396609844,792.0779811827958,87.18698061429417
203,179RTP1,8,[ 3 10 13  6  5  6 11 13],8.375,3.6033838263498934,291.86390792516283,38.19804790459672
204,179RTP2,8,[13  2 11  2  1  2 13  9],6.625,5.02338282435253,361.4668695190006,57.038891076736924
205,180RTP1,11,[ 3  5 13 11  8 11  8  7 13  4  5],8.0,3.411211461689767,306.73179255319155,39.02011248730262
206,180RTP2,5,[12 11  8  7  1],7.8,3.867815921162743,310.868703738029,66.13483202059467
207,181RTP1,3,[12 13  2],9.0,4.96655480858378,509.3930972730975,130.3662877017212
208,181RTP2,5,[ 3  2 13  8  7],6.6,3.9293765408777004,425.15102154070854,137.83027102604774
209,182RTP1,10,[ 2  1  6  8 12 26 10 10  4  2],8.1,6.992138442565336,479.96424411833215,70.82603537053544
210,182RTP2,7,[ 3  4 23  8  5  7 16],9.428571428571429,6.821335077893327,529.558554677207,100.765196400428
211,001LTP1,7,[12  9 10 16  5  6  6],9.142857142857142,3.6421567954234177,481.4102041568399,103.76050495392964
212,001LTP2,6,[ 4  3  8  1 22  6],7.333333333333333,6.920179830675565,441.0615297388782,128.52103603622422
213,002LTP2,15,[16 25  6  9  9  3  8  1  8 14 14 22  4  7  9],10.333333333333334,6.51835016617617,292.69836751423156,36.780172072847115
214,004LTP2,10,[14  4 14  6 10  5  3  2 11 12],8.1,4.369210454990696,410.5115145024544,72.69682687128056
215,005LTP1,11,[ 3 16 12  5 22  5 30  2  9  6 10],10.909090909090908,8.284207818105104,428.6813883865248,74.13284556172813
216,005LTP2,5,[ 2 50 10  8  6],15.2,17.599999999999998,344.97300049342107,44.67340753385178
217,006LTP1,14,[ 5  3 10  1 11 15  1  7 20  2  6 16  2  2],7.214285714285714,6.014014245654792,529.7222905524195,99.00629944291352
218,006LTP2,9,[ 5 10 10  1  2  2  9 16 21],8.444444444444445,6.4137198620719165,546.0738610197368,76.55714258066628
219,007LTP1,6,[22  3 10 12  2  6],9.166666666666666,6.743309441381303,529.9719371057515,125.87068945738385
220,007LTP2,8,[ 4  1  2  4 11 15  9 11],7.125,4.728570079844435,521.6543669172933,164.93245695035424
221,008LTP1,9,[13 10  5 10  7  5 21 25 10],11.777777777777779,6.545189544454729,548.2704982311319,79.09271432829306
222,008LTP2,7,[13  4 12  1 19  9 15],10.428571428571429,5.802884574739972,460.099476737011,114.640906203396
223,009LTP1,6,[ 5  4 13 11  7 11],8.5,3.3541019662496847,455.93999821746866,121.93942238903314
224,009LTP2,4,[17 15  3  2],9.25,6.796138609534093,426.39062800982805,71.66864538666955
225,010LTP1,11,[ 9 14  9 11 32 13 12 12 11  7  7],12.454545454545455,6.55554777357089,283.4227597963888,30.760174509970565
226,010LTP2,12,[ 7  3 11  1  3  1  2  3  9  8  3 14],5.416666666666667,4.091827899063639,353.62127943485103,83.93498090849512
227,011LTP1,10,[13 10 15  6  7  9  3  8  3  8],8.2,3.655133376499413,405.3688853920799,57.312312186842306
228,011LTP2,7,[ 8  1  7 21 19  9  3],9.714285714285714,7.024737630368141,454.22244091847307,106.84415861688642
229,012LTP1,6,[ 2 10 19  9  5  3],8.0,5.715476066494082,358.18139216820964,90.122077573573
230,012LTP2,6,[ 2 12  7 12  7  4],7.333333333333333,3.72677996249965,422.84783600206623,100.33175270373535
231,014LTP1,16,[ 6 10  4  8  1 12  4  7 11 15 11 12  1  9  6  3],7.5,4.06201920231798,303.17837891025636,47.8296660836194
232,014LTP2,9,[ 8  1 14 11 10  8  4 13 14],9.222222222222221,4.236816881097249,292.5143645257723,73.25106576726948
233,015LTP1,5,[ 5 14 13 11  8],10.2,3.3105890714493698,478.4965115089515,90.32390598609582
234,016LTP1,14,[ 1 30  1 13 15  7  2  4  3  9  8  6  5  4],7.714285714285714,7.38172039015075,429.7244151234568,56.073317300973116
235,016LTP2,18,[12  8 11  7 13  5 11 12  5 12  6  3  1 12  1  3  8  5],7.5,3.9616214413349042,271.3662027966743,40.68149202803525
236,017LTP2,3,[16  7  2],8.333333333333334,5.792715732327589,234.05193263157886,26.635841819247112
237,018LTP1,12,[16  1  6  3 14  4 16 21  2  4  1  6],7.833333333333333,6.656241849238619,478.1219744506454,98.37954291884341
238,018LTP2,13,[ 8  6  9  2  1  5  1  5  6 21  5  3 12],6.461538461538462,5.183040162437852,373.49426346239426,64.79523007083999
239,019LTP1,4,[ 8 11 11 16],11.5,2.8722813232690143,391.2958481121281,65.13835485330539
240,019LTP2,12,[ 3  9  9 11  1  8  9  7  1  6  3  6],6.083333333333333,3.226410113767656,164.4388648687215,20.974516534740204
241,020LTP1,7,[ 8  4  8 10 10  5 10],7.857142857142857,2.2946254863155726,303.9499255892256,31.23273001197671
242,020LTP2,8,[ 9  7 12  2  6  2  3  9],6.25,3.4550687402713134,209.57326732673283,48.547631364223726
243,021LTP1,13,[ 9  7 16  1  6 10 18  7 22 18  6 12 15],11.307692307692308,5.8623258102331235,418.3924733350131,48.75701787674575
244,021LTP2,10,[13  6  3 18  4  1  1  5  3  9],6.3,5.23545604508337,606.7488490537244,179.0584705675486
245,022LTP1,3,[12  4  5],7.0,3.559026084010437,621.5315165631467,75.60171016627288
246,022LTP2,4,[ 5 10  3  7],6.25,2.5860201081971503,402.87872000000004,47.59178569149559
247,023LTP1,10,[ 2  8  2  2 12 13  5  6  1  3],5.4,4.1036569057366385,162.24024691358028,34.509190209411535
248,023LTP2,4,[ 6 10 12  6],8.5,2.598076211353316,163.39695274831243,22.170732065156866
249,024LTP1,8,[12  9 11 10  5  7  9  3],8.25,2.8613807855648994,399.48511698717977,74.81695203265011
250,024LTP2,6,[16 10  9  7  1  9],8.666666666666666,4.422166387140534,413.3562551923078,65.91863418021781
251,025LTP1,8,[10  1 10 13  8  8 14  2],8.25,4.380353866983808,333.43871487603315,54.320328741423936
252,028LTP1,4,[12  4  5  5],6.5,3.2015621187164243,92.588987854251,6.3329283179919225
253,029LTP1,9,[13  5  5  2  2  5 22  9  5],7.555555555555555,6.038968107422752,446.73327216856893,54.121438167735214
254,029LTP2,16,[12  7  8  8 36 18  8 38 38 12 12  1 23  9 23 19],17.0,11.341296222213755,454.95068100990403,61.76980344188863
255,030LTP1,8,[ 4  4 19  8  7 10  4  7],7.875,4.675401052316261,541.9751153733098,101.14266119473042
256,030LTP2,6,[ 3  8  7  9 10 11],8.0,2.581988897471611,628.5452186213994,118.83297217397535
257,031LTP1,8,[ 9 12  7 27  5 10  1  2],9.125,7.639330795298761,664.6945291095891,98.08061549322545
258,031LTP2,9,[ 2  5  6  1 14  7  2  6  2],5.0,3.80058475033046,353.6606591666668,81.83257341389739
259,032LTP1,18,[ 2 12 13  7  7  8  5  5  7  7 10 16 10  5 13  7 16  7],8.722222222222221,3.8123418809550578,431.7027721792541,64.27744250432062
260,032LTP2,10,[10 19  6 10  4  7 10 20 10 17],11.3,5.23545604508337,421.38180499083165,65.69562389200377
261,033LTP1,4,[10  7  7 14],9.5,2.8722813232690143,342.87557508450016,117.36600665890263
262,033LTP2,10,[10 12  7 10  4  9  9 13  1 15],9.0,3.9496835316262997,307.66418290598307,53.45824251574544
263,034LTP1,4,[10  4 13  7],8.5,3.3541019662496847,425.50724660633455,120.58117504515613
264,034LTP2,4,[14 12  1  4],7.75,5.402545696243577,425.20987495843065,145.1317345095299
265,035LTP1,7,[ 1  8 10 12  3 13  5],7.428571428571429,4.2378277069118075,429.22677978883854,72.50807895736045
266,035LTP2,8,[ 7  1 13  2 17  7  3  5],6.875,5.206666399914632,189.55053870129868,32.66730897019894
267,036LTP1,2,[6 2],4.0,2.0,240.4056,23.9369971266239
268,037LTP1,16,[ 6 12 12  1 13  4 11  4  4  3  6  5  1  4  6  1],5.8125,3.9245819841099,523.130258951336,63.24872020484466
269,037LTP2,7,[14 13  4 12 17  7  9],10.857142857142858,4.120630029101702,474.4161062378164,103.02714036382862
270,038LTP1,7,[10 17 22  7 12  6  9],11.857142857142858,5.329930887479323,542.3494493837418,61.539649303220884
271,038LTP2,4,[13  5  7 22],11.75,6.609652033201143,571.3424116008106,132.07681207649657
272,039LTP1,10,[ 5  2  8  7  5 17  7 18 12  4],8.5,5.162363799656123,249.91378435544448,37.82796885977669
273,039LTP2,7,[14 11  8  1 12  3 12],8.714285714285714,4.589250972631146,313.8641629840817,60.193711122139035
274,040LTP1,6,[11  2 17  7 15 18],11.666666666666666,5.70574758954123,489.7374646074648,102.5238227532542
275,040LTP2,7,[ 9  2  7 12  1  6 12],7.0,4.0708019567928595,457.4346251866601,80.37418159398074
276,041LTP1,6,[14  9 14 11  8 11],11.166666666666666,2.266911751455907,387.7369446705869,77.38374032759455
277,041LTP2,12,[ 4 22  9 14  2 11 12  6  9 11 10  3],9.416666666666666,5.235429516498358,431.8146105102151,72.93397566392262
278,042LTP1,14,[ 6  7  4  5  7  3 24  2  2  3  6 16  5 11],7.214285714285714,5.894047498821785,466.9930486439949,90.0684319592254
279,042LTP2,10,[16 12  6  7 17 10  1  9 24 13],11.5,6.15223536610881,429.7161169415294,58.52190134340917
280,043LTP1,6,[ 1  7 12  7 33  6],11.0,10.344080432788601,658.5878404928404,104.8977196302391
281,043LTP2,6,[ 8 16 12 11  7  5],9.833333333333334,3.624760528488591,620.6635708474579,111.86308981063533
282,044LTP1,8,[ 6  8  4 10 12 12 19  1],9.0,5.220153254455275,439.4284749503971,70.97947240705932
283,044LTP2,7,[ 3  7 10 14  5  1  4],6.285714285714286,4.130523512800274,263.5786205073996,67.5130562474431
284,045LTP1,9,[ 6  4 10  6  9  7  7  8  6],7.0,1.699673171197595,222.02500096786684,23.823692933259355
285,046LTP1,2,[ 8 13],10.5,2.5,296.49001190476196,56.448856417105794
286,046LTP2,6,[13  4 11  4  8  8],8.0,3.3166247903554,309.34886827256946,66.3967464025736
287,049LTP1,9,[ 5  5 10  3  2  2  9  7 10],5.888888888888889,3.0711722135745005,170.19703211561637,29.66427971570039
288,049LTP2,6,[11 11 17  3 12 15],11.5,4.387482193696061,437.1067327365728,92.26852798778881
289,050LTP2,10,[ 4  2  5  6  4  2 27  6  9  8],7.3,6.914477565225011,252.55582107221372,20.599644370448107
290,051LTP1,10,[10  4  6  7 16  2  4  4 23  6],8.2,6.209669878504009,398.39809164101354,69.98475630821925
291,051LTP2,21,[ 2 11 14  5 13 10 28 20 41  1  7 16 10  2  5 14  8 13 14 14 12],12.380952380952381,8.893422879945716,335.02317304029316,49.76328674943465
292,052LTP1,5,[25 14  8  7  7],12.2,6.910861017268399,368.95415823235913,96.44735052516705
293,052LTP2,7,[ 2  4 10  8  9 10 12],7.857142857142857,3.313546715640915,715.9393116883116,129.1339033978507
294,053LTP1,7,[11  5  6 13  7  3  3],6.857142857142857,3.562846832382836,411.8274731012659,77.60879953890046
295,053LTP2,6,[ 6 12  5  7  8 12],8.333333333333334,2.748737083745107,448.59581758241774,128.401312712105
296,055LTP1,11,[ 6  4  4 16  6 10  8  7  2  1  5],6.2727272727272725,3.9333286641425333,346.9926283816427,77.7848923163123
297,055LTP2,6,[ 6  8  6 14 13  2],8.166666666666666,4.179978734661484,189.57473684210524,19.427484924448745
298,056LTP1,16,[20 10  1  2  4  1 14  9 13 24 12  3 13  4  9  3],8.875,6.66966078597705,415.3417525150905,76.82746669839966
299,056LTP2,10,[ 2  5 15 15  8  2  6  7  8  6],7.4,4.294182110716778,444.54859367842425,94.19517808411015
300,057LTP1,10,[10 15 14 11  1  8 15  1 14  1],9.0,5.656854249492381,393.2168202321726,49.63169658868064
301,057LTP2,5,[ 3 13  7 10  6],7.8,3.4292856398964497,304.1750902184236,56.53480013627007
302,058LTP1,7,[ 3 11  5  3 22 11  5],8.571428571428571,6.32132768281074,285.2999587064677,40.10387262946226
303,058LTP2,9,[ 5  9  8  4  3  4  9  8 10],6.666666666666667,2.494438257849294,188.96777064676613,29.13675190812555
304,059LTP1,6,[ 5  3  4  4  9 12],6.166666666666667,3.2360813064912666,302.6763830497164,81.15479755062077
305,060LTP1,7,[10  1 21 12  1  2  8],7.857142857142857,6.791351042288407,282.34489204545457,40.209738040180504
306,061LTP1,5,[11 10 11 18  3],10.6,4.758150901348127,414.6818058490567,74.46091353146744
307,061LTP2,6,[15  1 12  9  3  6],7.666666666666667,4.887626099538393,291.00157184517485,71.28323642158304
308,062LTP1,15,[15 11 13 11 11  4 20  3 15  8 23 16  9  4 10],11.533333333333333,5.52408866289776,330.48525048169546,49.62391239892852
309,063LTP1,3,[ 9 27 11],15.666666666666666,8.055363982396381,599.4643349932096,79.71137787454694
310,063LTP2,10,[12  6  6 11  4  8 11  1 18  8],8.5,4.522167621838006,516.7334019957983,106.74635516983068
311,064LTP1,6,[ 9  2 14  6  2 21],9.0,6.782329983125268,439.5654837724327,90.55765430544214
312,064LTP2,4,[ 8 13 10  1],8.0,4.415880433163924,505.4328901654413,117.43247827721872
313,065LTP1,9,[19  2 10  2  6  7 15  7  9],8.555555555555555,5.27280467453541,396.1228146399059,73.38249180515702
314,065LTP2,4,[13 13 12  6],11.0,2.9154759474226504,596.2191325757577,123.48306118341097
315,067LTP1,9,[ 2  8 12  9  4 12 15 12  3],8.555555555555555,4.374448818895451,239.37069362455733,39.48830868882134
316,067LTP2,5,[ 9 10 34 10  1],12.8,11.124747188138706,275.43908848684214,31.74080932733575
317,068LTP2,9,[ 8  8  4  5 12  6 16 13  3],8.333333333333334,4.189935029992179,457.42802130718957,57.001482286037046
318,069LTP1,9,[17  7 14  7 13 11 11  4  2],9.555555555555555,4.621474298463427,471.67901009214563,66.0361426861881
319,069LTP2,9,[ 2 11  3  8  8 16 13  4  7],8.0,4.422166387140534,306.4004586805556,44.96085907922723
320,071LTP2,6,[ 9  2 13 18 10  2],9.0,5.715476066494082,478.65701052188547,85.22252755810327
321,072LTP1,6,[ 1 14 10 14 13  1],8.833333333333334,5.6984403324262525,465.36262164846073,129.89295947659963
322,072LTP2,4,[15 15 12 12],13.5,1.5,575.5846610407876,123.92427663557238
323,073LTP1,7,[16 12 11  6 11 14  1],10.142857142857142,4.703450752329808,353.6738647268222,64.46237520571991
324,074LTP1,9,[ 2 15 10  5  2  1 25 17  3],8.88888888888889,7.964427083314411,332.94769080459787,63.34908185867732
325,074LTP2,12,[ 2 10  6 15  3  9 13  2  7 12  2  2],6.916666666666667,4.609018936341611,445.08933643046765,124.86727852149376
326,075LTP1,16,[ 7  4  5  8  7 10 14 11  6  5 10 27 18  9  4  3],9.25,5.973901572674261,399.3502199777097,53.21725314333642
327,075LTP2,16,[27  6  8 10 10  2  3 13  3 24 12  6  7 15  8 15],10.5625,6.864480588507772,450.74212390532557,45.097460055239736
328,076LTP1,10,[ 3  9  3 11 12  4  3  7  2  2],5.6,3.6386810797320503,464.00050039246486,71.20261145398769
329,076LTP2,11,[19  2  4 12  1 22  6  5  6 11  5],8.454545454545455,6.513812406426493,391.76467921146957,43.399565157330755
330,077LTP1,8,[ 8  7  4 10 10 12 22  4],9.625,5.383713866839507,366.8354621753246,51.090509553424965
331,077LTP2,2,[ 7 36],21.5,14.5,582.2021777944486,112.68522560436539
332,078LTP1,7,[ 9  7 13 10  8  9  2],8.285714285714286,3.1036515689143473,248.6121392428786,37.199481163730994
333,078LTP2,14,[21 15  3 27 15  7  4  3  5 12  6  2  2  2],8.857142857142858,7.6611929587382415,298.8914941235309,70.49299415969185
334,080LTP2,12,[ 1 10 14  5 15  2 15  7 14 14  3  2],8.5,5.5,316.3683371283998,67.22767177783285
335,081LTP1,3,[ 4 16  7],9.0,5.0990195135927845,445.80541218637995,108.61096283780654
336,081LTP2,5,[22 15 37 20 17],22.2,7.782030583337487,239.50752689832692,24.787282795623856
337,082LTP1,6,[29  6  9  6 13  6],11.5,8.220908303425682,440.3332928884394,80.57241495286705
338,082LTP2,4,[ 2 16 14 12],11.0,5.385164807134504,520.7379003735989,117.90940454450678
339,083LTP1,11,[ 7  2  6  8 10  3  8  5 10  9  3],6.454545454545454,2.7423823870906103,355.6008059634404,47.129699669316366
340,083LTP2,5,[ 6 10  7  2 15],8.0,4.33589667773576,97.86200384615385,19.864254447611174
341,084LTP1,13,[11  9  8  4 13  7 11 21  4  1 10  2 11],8.615384615384615,5.107136206983948,469.92549843966714,81.07674210140208
342,084LTP2,11,[ 9 14  2  1  5  8 11  4  2 10  6],6.545454545454546,4.00825594273611,340.5147747747748,89.55769704835845
343,085LTP1,8,[ 3 10  2 14 13  6  4  3],6.875,4.484347778663024,218.3501194055946,44.32802326181947
344,085LTP2,5,[10  2 22 13  5],10.4,6.945502141674135,254.40012965900107,70.2954688580845
345,086LTP1,10,[10  6 19  9  6  1  5  6  4  2],6.8,4.833218389437828,510.57552191176495,108.43143063670657
346,086LTP2,9,[12 10  7  8 12 14  7  4  5],8.777777777777779,3.224137361899313,319.18872002177756,49.375663260379454
347,087LTP1,8,[ 2  3 11 10  8  7  3 13],7.125,3.8547859862773186,284.2967136222911,49.429090988171076
348,087LTP2,6,[15 27  3  3  3  8],9.833333333333334,8.801830617673929,244.7241869933678,36.4369808882009
349,088LTP1,8,[ 7 18  2  5  5  4 12 11],8.0,4.949747468305833,438.67565554775274,101.10910283957845
350,088LTP2,7,[ 1  3  5  2 20  8 13],7.428571428571429,6.388765649999399,329.05920012019226,58.8712128607261
351,089LTP1,12,[ 4  3 12 13 31  6 16  6  5 11  9 15],10.916666666666666,7.353664997053435,481.3422067095219,59.275623040427746
352,089LTP2,10,[ 1  5 11 17 15  9  3 10 10 10],9.1,4.72122865364515,420.9985634790741,54.549295756187654
353,090LTP1,15,[ 8 10  9 12 12 15  8  7 11  4  6 13 25  7  7],10.266666666666667,4.864383025854587,390.5235684113868,92.56376634681834
354,090LTP2,17,[ 3  2 12 10  1  4  6 12 19  8 12 14  2  9  8  2  1],7.352941176470588,5.167103824940647,393.39664127659574,58.45764051289186
355,092LTP1,7,[ 3  6  2  3  4 10 15],6.142857142857143,4.389226141639205,129.78487760097923,31.478148200371002
356,092LTP2,9,[ 6  3 10  9  6  5  6 10 12],7.444444444444445,2.7532248207475263,254.80948091123332,33.200412755037156
357,093LTP1,13,[14  6  6 15 11 10  2 11  3  7  5 12  6],8.307692307692308,3.9688133352352093,469.8178258547011,82.1916727545534
358,093LTP2,9,[11  4 13 15  4  9  6 12  4],8.666666666666666,4.055175020198813,287.7093985042735,43.5865561198433
359,094LTP1,16,[ 6 18  6  7 11 14 12  5 28  2  1  6  3  2  4  6],8.1875,6.839396446324778,402.2606524266406,73.32615808090077
360,094LTP2,12,[10 12  7 15  7  7  7 11  3  8 12 21],10.0,4.509249752822894,372.4289376811595,42.46594595050777
361,095LTP1,3,[13  7  6],8.666666666666666,3.0912061651652345,369.84479111405875,83.19938752126987
362,095LTP2,7,[ 3  5 11  2  2 12 14],7.0,4.780914437337574,317.60118655947235,77.91430244462329
363,096LTP1,6,[ 8 13  6  4  4  4],6.5,3.253203549323856,350.3043058823526,123.27860259330197
364,096LTP2,7,[ 8  7  9  4 16  2  6],7.428571428571429,4.135461378894322,258.56107822685794,27.944046751886006
365,097LTP1,8,[ 8 15  3  4  8  2  8  3],6.375,4.02919036532155,334.3567227493149,70.39062902643528
366,097LTP2,8,[17  2  9  4 18 12 13  1],9.5,6.18465843842649,623.630618885449,79.77556052303322
367,098LTP1,7,[ 9  1  7 16  9 11  5],8.285714285714286,4.365916225696036,386.2042893553224,53.254994911673734
368,098LTP2,16,[13  2  4  8  1  2 10  7  3  3  4  2  7  4 16  3],5.5625,4.182833220438032,514.1689776557712,52.87994724069145
369,099LTP1,7,[ 8  8  1  3 13  1  2],5.142857142857143,4.257046978786097,382.0405577342047,130.2715665973027
370,099LTP2,9,[ 7  6  1 10 28 11  8 17  5],10.333333333333334,7.512951779723096,557.4773049757538,77.84042569253671
371,100LTP1,15,[18  6  8 20 17 12 10 11  9  5 14  6 11  9  7],10.866666666666667,4.440220214759123,370.3170714059833,61.115210101221805
372,100LTP2,7,[ 2  1 11  7  8 12 12],7.571428571428571,4.2378277069118075,501.02409249884954,102.15386163293441
373,101LTP1,11,[ 3  6 10 15  7  5  3  1 27  6  2],7.7272727272727275,7.174334420708676,416.61293802304425,100.92849648223486
374,101LTP2,7,[ 9  6  9  4 15 12 12],9.571428571428571,3.499271061118826,455.38118793786214,93.70047771295357
375,102LTP1,3,[12 10 10],10.666666666666666,0.9428090415820634,353.62228230337064,65.57071348488638
376,103LTP1,8,[ 6 13  6  8 21  4  9  1],8.5,5.766281297335398,365.3080593837536,72.09257666931741
377,103LTP2,5,[ 6 10  7  6 13],8.4,2.727636339397171,396.4879444444444,79.79659986018305
378,104LTP1,14,[ 3 21  2  8 12  8  7  2  8 17  3  3  9  2],7.5,5.653696641515683,337.2349753694581,71.50297534765598
379,104LTP2,5,[ 7  9  7 32 15],14.0,9.465727652959385,612.4593656832304,81.8417736649839
380,106LTP1,8,[10 15 17 16 16  7  3  5],11.125,5.23061898822692,321.94311075441414,43.02025883829644
381,106LTP2,8,[ 2 12 17 15  8 15 10  9],11.0,4.527692569068709,447.0158640316207,79.65013074805012
382,107LTP1,10,[12  6 10  8  1  1  9 10 10  4],7.1,3.726929030716845,600.8684896437452,95.95095738528696
383,107LTP2,5,[10 13 16  9  3],10.2,4.354308211415448,466.4352674055129,86.18928761062341
384,108LTP1,9,[ 3 16 14  6 13  9  3 14  4],9.11111111111111,4.9541104021351,598.5073818815332,118.35571658457717
385,108LTP2,9,[ 8  7 11  4  3  1  7 30 11],9.11111111111111,8.047697316547476,543.1624949784792,84.58792305210794
386,109LTP1,9,[ 5  3 13 20  9  2  7 10 13],9.11111111111111,5.363341504954298,533.0899138786963,114.65337662906653
387,109LTP2,11,[ 2 13 10  6  5 27 12 17  7  3  6],9.818181818181818,6.938930777185957,494.67127777777773,76.08443698552384
388,110LTP2,9,[ 3  6  8  5 13 13  6  3 11],7.555555555555555,3.715167443844553,133.89561831550805,21.164542725922935
389,111LTP1,5,[ 4  6 12 17  8],9.4,4.6303347611160905,247.94698152910934,45.48067660664305
390,111LTP2,6,[ 8  6  7  2 18 13],9.0,5.163977794943222,177.89223084728565,39.084785720577976
391,112LTP1,4,[ 7  8  6 18],9.75,4.815340071064556,459.394386169386,89.26882686040737
392,112LTP2,6,[ 1 11 10  6  2  2],5.333333333333333,3.986086914367133,186.72274533582095,38.30523792710934
393,113LTP1,18,[14 12  8 13  6 21 17 13  4 16  9  6  9  2  6  9  1 12],9.88888888888889,5.184259176572535,472.55433491392654,91.96624338631788
394,113LTP2,6,[ 9  6 11  1 33  5],10.833333333333334,10.398984993204332,566.556,74.95424819115378
395,114LTP1,5,[13 11 10  7 13],10.8,2.227105745132009,310.7041707109408,57.031732939247966
396,114LTP2,3,[ 9 25 11],15.0,7.118052168020874,479.8135614035087,101.17546375473734
397,116LTP1,12,[ 4 18  7  6  9  9 17 13 11 25  9  3],10.916666666666666,6.129958310534329,270.11175318066154,47.1089152843192
398,116LTP2,13,[ 4 15 11 16 16 13  1 13  2  5 27 11 10],11.076923076923077,6.776220167860074,359.92856799242435,70.188305864453
399,117LTP1,7,[ 6  2  8  5 24  7 11],9.0,6.6332495807108,897.1828519140992,90.28462984185657
400,117LTP2,4,[ 6 10 18  4],9.5,5.361902647381804,605.7379594477998,114.49233540456902
401,118LTP1,14,[ 7  7  5  6  1 16 13 12  2  4  5  8  5  3],6.714285714285714,4.147780325987993,371.10592032358176,53.136223251303065
402,118LTP2,13,[18 12  3  3  4  3  1  3 17  1 10  4 18],7.461538461538462,6.368376011021294,411.97962264150937,82.77115448088138
403,119LTP1,7,[ 3  8 10 21  4  6  7],8.428571428571429,5.576920370269467,318.65178843294683,84.96763046364744
404,119LTP2,13,[13 25  6 12  2 14 30 14  1 11  1 12 11],11.692307692307692,8.231128676551036,298.642080075188,53.09235588708512
405,121LTP1,9,[20 25 11  5 14 20  8 10  7],13.333333333333334,6.497862896539309,512.9450738945579,84.00426042877561
406,121LTP2,9,[ 3 15 17  8 11  6  9 18  6],10.333333333333334,4.988876515698588,535.0613872382569,89.32547993042274
407,122LTP1,11,[10  9 10  6 17  9  2 23 15  7  1],9.909090909090908,6.141580274201649,444.3290962857401,103.83988573427251
408,122LTP2,7,[ 2  3  2  3 13 12  4],5.571428571428571,4.435478484645721,559.2694753711199,131.75339139261652
409,123LTP1,7,[ 4 13  1  3  1 15  5],6.0,5.264435935053794,327.84842191500275,108.8882615509974
410,123LTP2,9,[11  3 19 15 12  5 11 13 20],12.11111111111111,5.32174667325691,481.19129150926426,94.30419382716904
411,124LTP1,13,[ 2 20 10  4  1  4 17 13 16 25  6  7  5],10.0,7.264243303278791,356.89242073906496,48.65009796836342
412,124LTP2,7,[ 4  6  8 21 15  8 10],10.285714285714286,5.417281493102441,296.55316694169414,51.81683943328493
413,125LTP1,6,[16 18  6  2  8 14],10.666666666666666,5.734883511361751,397.530349016854,50.812026467286564
414,126LTP1,8,[17  7  7  7  7  9 26 14],11.75,6.456585785072479,508.7073052540165,52.87110455037262
415,126LTP2,10,[ 2  5 14  5 23  5 10  8  5  5],8.2,5.878775382679628,526.3654630413142,102.01000994247347
416,127LTP1,5,[ 8 21  8  8 18],12.6,5.71314274283428,489.71228603495257,69.93346691492657
417,127LTP2,12,[11 12  3 15  6  9  9  7  2  6 12  4],8.0,3.851406669430448,457.4059901620369,76.91551379245936
418,128LTP1,8,[ 3  4 12 24 13 30 11  6],12.875,8.978272383927768,503.7237945601424,102.50346605171595
419,128LTP2,5,[30 14 17 12  2],15.0,9.033271832508971,454.75920585365867,94.52306415270425
420,129LTP1,7,[19 13  7  2  8  2 10],8.714285714285714,5.598833697790122,264.4471320013661,39.987953355203416
421,129LTP2,4,[12 14  5  5],9.0,4.06201920231798,456.1692774390245,129.36891389852323
422,130LTP1,4,[ 4 10 17 28],14.75,8.926785535678562,283.8780363445746,38.476112595786276
423,130LTP2,3,[ 4 31  1],12.0,13.490737563232042,620.1597197916667,89.4111327887639
424,131LTP1,4,[17  8  7 14],11.5,4.153311931459037,293.6869574808184,33.75891771567202
425,132LTP1,8,[ 9  9  4 14 10  6  2  2],7.0,3.968626966596886,257.7970843658894,27.68064249272133
426,133LTP1,3,[24  1 13],12.666666666666666,9.392668535736913,493.62148336358155,109.12779687272932
427,133LTP2,7,[ 6  4 29 15 13  3  2],10.285714285714286,8.939707341235438,429.60994963369944,58.51846444135091
428,134LTP1,8,[18  6  5  5 11 19  2  6],9.0,5.958187643906492,389.0331624228395,74.12409884860487
429,411D,7,[ 9 34 14 12  8 12 13],14.571428571428571,8.174125429097124,479.4077057978363,73.93424215834527
430,418D,3,[17 20 12],16.333333333333332,3.299831645537222,355.8271344971724,80.182456141704
431,422D,7,[ 4  9 10  3  7 15 18],9.428571428571429,5.0950155714648595,119.78745791245788,13.75775518792188
432,423D,4,[13  4  9 15],10.25,4.205650960315181,420.8373711694816,78.19003090679868
433,424D,6,[33 14 11 13 12  3],14.333333333333334,9.086008780292673,324.802677299856,38.363226191528135
434,425D,5,[ 1  6 13 11 22],10.6,7.059745037889116,423.69381927488,112.9303135047647
435,426D,1,[31],31.0,0.0,896.219531571722,119.23832135284417
436,427D,6,[16 13 14 24 10  8],14.166666666666666,5.112620550059322,485.87831926605514,87.07294760436484
437,428D,6,[19  5  5 15 21  9],12.333333333333334,6.394442031083626,219.70100545499633,23.067018355744338
438,431D,10,[17 19  1  9  3 18  5 25  5  1],10.3,8.246817568007675,257.3247141507003,30.363935208304238
439,433D,4,[19 17  9  2],11.75,6.7592529172978875,469.3468596525473,98.2026962995166
440,434D,3,[29 12 15],18.666666666666668,7.408703590297623,630.9602867545076,158.11302902902239
441,439D,4,[17 25 19 36],24.25,7.39509972887452,433.4707108607048,70.32661112859503
442,440D,3,[ 8 21 45],24.666666666666668,15.3260852434302,451.09755925155895,69.404310185461
443,441D,2,[14 24],19.0,5.0,640.3365008223686,140.86622759271663
444,442D,4,[11 40  6  9],16.5,13.683932183404009,349.2410894660893,45.84201834771278
445,444D,2,[14 30],22.0,8.0,744.5086459667094,87.012353668576
446,445D,4,[15  2  2 30],12.25,11.54068888758379,386.2538848396507,87.08977294592516
447,447D,1,[21],21.0,0.0,552.1730279146143,108.73402482824227
448,448D,10,[14  9 16 20  7  2 20 18  2  3],11.1,7.006425622241344,445.75890999910786,53.30622548317559
449,450D,3,[21 14 11],15.333333333333334,4.189935029992179,534.1624301075269,112.90416532103873
450,451D,5,[ 1 23 43  4  7],15.6,15.66652482205291,524.5345488270597,82.30584703240329
451,453D,11,[ 6 18 11 10  3 12 22 27  3 33  4],13.545454545454545,9.73618962581112,411.15438193512307,45.690463122541324
452,454D,5,[10 11 12  2 22],11.4,6.374950980203691,468.77567935463645,155.9706711315577
453,455D,4,[51 13 18 16],24.5,15.402921800749363,472.7487294063079,52.84201653973606
454,456D,1,[36],36.0,0.0,565.1109618736384,104.261329148195
455,457D,11,[ 8  9 11  2 14 12 10  5 17 15 13],10.545454545454545,4.207431441965867,279.193945166761,69.77210819551046
456,459D,3,[14  9 14],12.333333333333334,2.357022603955158,276.1010349761526,22.547330895298085
457,500M,2,[4 9],6.5,2.5,206.5860701357466,13.782537873725936
458,501M,6,[ 5 15  3 17 16 26],13.666666666666666,7.7387911774959335,264.32718181818177,53.03478467727658
459,502M,3,[10 22  8],13.333333333333334,6.182412330330469,178.00796764705882,17.04043197632571
460,503M,7,[11 10  2 24 17  2  8],10.571428571428571,7.326217945690334,398.03651813976126,49.046138264373695
461,504M,6,[ 8 13  9 29 18 14],15.166666666666666,7.009913614937696,426.33043757746015,69.06467434114356
462,505M,6,[ 9 10  3  5 10 21],9.666666666666666,5.70574758954123,293.66742599219276,65.51494807936804
463,506M,3,[ 5  8 25],12.666666666666666,8.806563209081938,656.6486322451697,55.48409095277747
464,507M,7,[10  6 16  2 11  2  9],8.0,4.69041575982343,356.91418883415434,102.30464652997041
465,510M,2,[21 13],17.0,4.0,362.6861966386554,77.27330674852793
466,511M,4,[ 9 12 13  5],9.75,3.112474899497183,158.25643295940176,30.6361792046057
467,513M,1,[12],12.0,0.0,184.6900172413793,27.669436486908573
468,515M,7,[ 4 21 12  6 11 47  1],14.571428571428571,14.549002350256018,277.19011820330974,52.241077079109104
469,600LTP1,4,[ 8 18 30  1],14.25,10.917302780449024,618.4204513556618,77.96048382528112
470,600LTP2,7,[ 1 27  7 17  9 15 21],13.857142857142858,8.201542911089899,512.0497741967771,79.3735396625889
471,602LTP1,3,[39 10 16],21.666666666666668,12.498888839501783,541.4450483005367,66.64780896516173
472,602LTP2,2,[27 27],27.0,0.0,618.1831482999395,142.27222898492306
473,603LTP1,2,[ 9 54],31.5,22.5,584.970554663813,56.95645355043629
474,603LTP2,8,[ 7 20 14  5 14 17  2 16],11.875,5.988269783501742,413.9715143992057,63.94143075565962
475,604LTP1,10,[10  1  1  2  2 11  4 15 25 13],8.4,7.4859869088851605,525.8179398625429,48.5230980533966
476,604LTP2,6,[25 14  6  5 12 12],12.333333333333334,6.5489609014628325,409.53767276954386,62.341342925788815
477,607LTP1,6,[40  4 26  6  3 12],15.166666666666666,13.545191848852575,525.5481507554944,61.43025159563227
478,607LTP2,5,[18 41  7 19 14],19.8,11.408768557561329,590.2608064296815,45.737725121233794
479,609LTP1,4,[ 2  1 25  2],7.5,10.111874208078342,435.80101650164966,131.3521270639564
480,609LTP2,6,[37 12 23 13 14 14],18.833333333333332,8.89600409672168,337.65740715044245,43.71494991846196
481,610LTP1,6,[23 51 48 28  6  1],26.166666666666668,18.91574887641395,442.11997223216207,61.920467608926124
482,610LTP2,4,[ 5  7 22  6],10.0,6.96419413859206,438.7125481818181,71.42053375624822
483,611LTP1,4,[25  9 11 14],14.75,6.179603547154137,504.40397568165076,47.30262345836838
484,611LTP2,3,[ 2 21 14],12.333333333333334,7.84573486395988,644.4320285803042,136.20326354128753
485,612LTP1,3,[ 8 18 16],14.0,4.320493798938574,523.2448908424909,99.98197307104356
486,612LTP2,4,[ 7 20 16  9],13.0,5.244044240850758,591.5958274831966,81.7547280621995
487,613LTP1,9,[21 25 11  8 30 20  5  8 14],15.777777777777779,8.134668985654724,397.79906223591547,53.69340937803809
488,613LTP2,3,[23  8 22],17.666666666666668,6.847546194724712,518.5730069959722,70.00148066637753
489,614LTP1,2,[16 25],20.5,4.5,505.4657425800765,87.49329370864119
490,614LTP2,7,[13 31  4 16  2 20  8],13.428571428571429,9.31752791949733,293.09722058556116,24.772717231330947
491,616LTP1,4,[18  9  4 21],13.0,6.819090848492928,393.98831357466054,59.40373050276418
492,616LTP2,8,[ 5  8  6  1  6  6 18 17],8.375,5.588772226527039,297.81351174561973,23.16162105905604
493,620LTP1,4,[18 21 10 28],19.25,6.456585785072479,462.22733740769047,67.8833815720372
494,620LTP2,9,[ 5  2 11  6 42 22 32 15  3],15.333333333333334,13.232955494186138,347.86560739677327,48.72584304808611
495,622LTP2,2,[42 10],26.0,16.0,774.8549408284027,149.92203813713382
496,623LTP1,3,[26 18  7],17.0,7.788880963698615,423.31113047688206,91.14752310825534
497,623LTP2,4,[11 11 43 16],20.25,13.292385038058445,350.5756547325103,53.7665457366363
498,624LTP1,6,[17 11  6 21  5 13],12.166666666666666,5.669117117231649,431.26480128091083,78.01945194966889
499,624LTP2,2,[33 11],22.0,11.0,460.6119209790208,91.06433660808433
500,625LTP1,12,[ 6 10 23 16 12  1  3  5 41 25  6 13],13.416666666666666,10.995895698951596,463.3298870694523,93.8218909524829
501,625LTP2,4,[ 9  4  5 17],8.75,5.11737237261468,288.22361360544204,30.118981684672885
502,627LTP2,1,[54],54.0,0.0,597.4554253154248,102.3782861762312
503,628LTP1,6,[ 7  3  6 10 22  9],9.5,6.020797289396148,349.15290341237716,32.78908754568617
504,628LTP2,3,[24 22 13],19.666666666666668,4.784233364802441,623.5667591337101,119.66793693573999
505,629LTP1,4,[ 2  6 42  3],13.25,16.663958113245485,563.1921601527404,72.85991377682082
506,629LTP2,7,[10 44  6  3 16  8  9],13.714285714285714,12.90309249437387,361.12986684355354,39.61456166382827
507,630LTP1,2,[30  4],17.0,13.0,383.5645828877005,94.03125203100277
508,631LTP1,4,[17 16  6 19],14.5,5.024937810560445,404.6015757818763,65.38330781776897
509,631LTP2,2,[21 17],19.0,2.0,506.48879157894726,84.70404973432422
510,632LTP1,7,[22  8  5 17 16  7  2],11.0,6.80336051416609,519.1181985514484,88.85089616367628
511,633LTP1,7,[ 2 23 14  5 15 13  2],10.571428571428571,7.267484195415374,295.6013275039745,26.588115907051552
512,634LTP1,2,[23  8],15.5,7.5,326.91299078341024,33.96532893653895
513,636LTP1,2,[ 2 31],16.5,14.5,513.8258004040407,90.90160712375582
514,638LTP1,4,[22 12  7 15],14.0,5.431390245600108,449.0276460176991,88.34556658055104
515,639LTP1,7,[ 1  5 20  6  6 18 24],11.428571428571429,8.312763729129232,525.2428822429907,86.80825039500994
516,640LTP1,4,[10 23  3 14],12.5,7.22841614740048,549.4819364948454,118.5740122347058
517,641LTP1,2,[50  5],27.5,22.5,322.9439574970485,34.4879215648192
518,642LTP1,4,[16  8 10 26],15.0,7.0,311.98365357142853,26.72294671743311
519,644LTP1,3,[32  5 17],18.0,11.045361017187261,773.368528463649,121.063278678444
520,646LTP1,1,[12],12.0,0.0,196.5643043478261,23.098642306424114
521,648LTP1,5,[ 3  7 33 10 18],14.2,10.609429767899876,313.96821699427306,38.401226641517
522,652LTP1,4,[ 4 20 25 17],16.5,7.762087348130012,662.900379079254,120.6156943544677
523,654LTP1,9,[ 4  8  7  5  4 29  1 31  2],10.11111111111111,10.83660919132143,625.7866634464438,133.93037729081206
524,655LTP1,6,[24 23  2 10 14 15],14.666666666666666,7.520342781785652,432.4175500897129,73.44378004764712
525,656LTP1,5,[ 8 26 31 14  5],16.8,10.107423014794621,446.56464221938785,102.78453077960181
526,657LTP1,9,[ 6  6  9 21  5 14 11 20  2],10.444444444444445,6.308919807368174,345.55291900843037,55.91140550850743
527,658LTP1,5,[12  2  5  9 37],13.0,12.47397290361014,563.2261762895929,49.300087138534536
528,659LTP1,6,[ 1  1  9 52  2  4],11.5,18.318933738985283,278.8493559470265,40.985401180243265
529,660LTP1,3,[ 7 14 20],13.666666666666666,5.312459150169743,397.3462786320255,89.07852792409156
530,661LTP1,4,[27  1 13  7],12.0,9.643650760992955,556.0803978978979,112.06856618727447
531,661LTP2,3,[28 14 23],21.666666666666668,5.792715732327588,486.56161823361845,80.24252639253238
532,664LTP1,4,[19  3 29 29],20.0,10.63014581273465,638.217800375,68.30299323104337
533,666LTP1,3,[16 28  3],15.666666666666666,10.208928554075703,602.5687339112156,99.23891801207402
534,667LTP1,2,[ 1 22],11.5,10.5,516.5880543478263,88.96697764692135
535,667LTP2,6,[ 1  2 21  6 10 14],9.0,6.97614984548545,350.2525885225884,60.546148923103665
536,668LTP1,6,[ 3  7 27 20 18 13],14.666666666666666,8.055363982396381,645.7686976617136,64.11396654230391
537,669LTP1,7,[12 13  4  1  4 22 11],9.571428571428571,6.651683843898751,494.6983802042422,82.13300123674593
538,670LTP1,8,[13  7  4 11  1  3  7  8],6.75,3.766629793329841,309.2981734006735,25.32801941521459
539,671LTP1,4,[11 21 18 34],21.0,8.336666000266533,419.09776560332864,54.148838781988815
540,673LTP1,5,[ 1  5 33  1 33],14.6,15.094369811290566,379.480595818313,55.08224635233347
541,674LTP1,6,[ 3  6  8 21 13  1],8.666666666666666,6.69991708074726,468.47698966087694,104.78778933501745
542,677LTP1,1,[18],18.0,0.0,399.9419010416666,50.625574087001674
543,678LTP1,9,[ 2 12  8 15 30 17  8  5 12],12.11111111111111,7.73799348732451,469.99899859836904,62.90600747931993
544,678LTP2,3,[41 14 19],24.666666666666668,11.728408057172787,506.7724509775735,52.30758657177966
545,680LTP1,6,[18  4  2 15  3 11],8.833333333333334,6.202598021976132,358.1259622641511,29.685722904611772
546,681LTP1,2,[23  3],13.0,10.0,370.554391025641,49.762317897204994
547,683LTP1,7,[53 10  6 14  2 19 24],18.285714285714285,15.772619002692029,570.326366558908,78.35792046890963
548,683LTP2,5,[16  1  5 30 13],13.0,10.059821071967434,409.3133093555094,50.42435696404556
549,684LTP1,5,[ 3  7 33 10 18],14.2,10.609429767899876,313.96821699427306,38.401226641517
550,685LTP1,5,[ 6 13 12 32 15],15.6,8.73155198117723,532.4312665539591,72.26798309585425
551,685LTP2,5,[ 5 13 13 10 29],14.0,8.049844718999243,514.5059768831165,77.70267749004664
552,686LTP1,4,[15  7  7 15],11.0,4.0,567.0005109577922,120.63388328982134
553,686LTP2,6,[ 3  4 23  5 12 13],10.0,6.97614984548545,564.5049375850339,135.37817600910043
554,688LTP1,1,[23],23.0,0.0,437.64169629155913,82.8791952450477
555,689LTP1,7,[ 8 12  3 34 10  3 30],14.285714285714286,11.67065043742863,601.3698680733946,81.34752044801445
556,689LTP2,7,[22 10  3 11  7  5 19],11.0,6.568322247184371,329.0488034295801,52.90659842935956
